algorithm,avg_train_reward_last_100_mean,avg_train_reward_last_100_std,greedy_eval_mean_mean,greedy_eval_mean_std
Q-Learning,-47.624,5.67988380162834,-13.0,0.0
Expected SARSA,-21.764,0.8814646901606437,-15.0,0.0
SARSA,-25.830000000000002,1.6365665278258619,-17.0,0.0
4-step Q-Learning,-42.662,18.821878758508678,-210.6,264.1861086431306
4-step SARSA,-52.391999999999996,23.019421582654935,-211.0,263.82475243994827
Monte Carlo,-499.04200000000003,251.20252600242696,-500.0,0.0
